total_return,total_return_pct,final_value,sharpe_ratio,sortino_ratio,max_drawdown_pct,win_rate_pct,total_trades,init_cash,tenkan,kijun,senkou_b,symbol
-0.1862921609465315,-18.62921609465315,81370.78390534685,-0.5724458270947755,-0.8129054129639375,24.8794075687017,30.0,50,100000.0,7,20,40,BTC-USDT
-0.21066898119977254,-21.066898119977253,78933.10188002275,-0.7223692129021531,-1.0199441547582304,22.603894945406136,27.659574468085108,47,100000.0,7,20,52,BTC-USDT
-0.07488309753854454,-7.488309753854454,92511.69024614555,-0.17627305549971753,-0.26192421032599206,20.4375378162162,30.434782608695656,46,100000.0,7,20,60,BTC-USDT
0.27402087662096614,27.402087662096612,127402.08766209662,0.7363314984884195,1.142005348792948,19.69000321408376,38.095238095238095,43,100000.0,7,26,40,BTC-USDT
0.21296804754036944,21.296804754036945,121296.80475403694,0.6140148546960194,0.9443717763473304,19.69000321408376,36.58536585365854,42,100000.0,7,26,52,BTC-USDT
0.2509258593959987,25.09258593959987,125092.58593959987,0.7028039512123139,1.0920480337209408,17.176835819190316,36.58536585365854,42,100000.0,7,26,60,BTC-USDT
-0.09912076331954944,-9.912076331954944,90087.92366804506,-0.18224737321424958,-0.2677297473321121,23.472585890220152,23.404255319148938,48,100000.0,7,30,40,BTC-USDT
-0.07665175372389538,-7.6651753723895375,92334.82462761046,-0.12323202536544013,-0.18032342159825965,21.814461146789647,23.91304347826087,47,100000.0,7,30,52,BTC-USDT
-0.060451974780614544,-6.045197478061454,93954.80252193855,-0.07645996209409128,-0.11198200647529562,20.769974096908083,23.91304347826087,47,100000.0,7,30,60,BTC-USDT
0.059150785956442124,5.9150785956442125,105915.07859564421,0.2440747289642226,0.36810291488964697,21.210040653314717,28.57142857142857,43,100000.0,7,35,40,BTC-USDT
0.08218693412014429,8.218693412014428,108218.69341201443,0.29976462191872894,0.45240413137380736,19.32003215033918,28.205128205128204,40,100000.0,7,35,52,BTC-USDT
0.08611281192718802,8.611281192718803,108611.2811927188,0.3090544558979323,0.4664107485413791,19.027347323653952,28.205128205128204,40,100000.0,7,35,60,BTC-USDT
-0.043558391732359016,-4.355839173235902,95644.1608267641,-0.0352234301382361,-0.05256284391040549,27.087637606455043,32.69230769230769,52,100000.0,9,20,40,BTC-USDT
-0.0792059025584087,-7.92059025584087,92079.40974415913,-0.15340262611732383,-0.22801008874416062,23.600489796239234,32.0,50,100000.0,9,20,52,BTC-USDT
-0.07582800951683413,-7.582800951683414,92417.19904831659,-0.15575675040384857,-0.23052710547867877,23.221547351130333,30.612244897959183,49,100000.0,9,20,60,BTC-USDT
0.2873753601528922,28.737536015289223,128737.53601528922,0.7913046044765691,1.2301035166985888,17.32868194489457,35.13513513513514,38,100000.0,9,26,40,BTC-USDT
0.1465491606345025,14.65491606345025,114654.91606345025,0.4906014203382067,0.7437900398387661,17.328681944894576,33.33333333333333,37,100000.0,9,26,52,BTC-USDT
0.1752512342721148,17.52512342721148,117525.12342721148,0.5693224781800321,0.8729639274317222,15.25913417493849,33.33333333333333,37,100000.0,9,26,60,BTC-USDT
0.08055807890853786,8.055807890853787,108055.80789085379,0.297628248346876,0.4505831626927661,19.607467180037112,31.70731707317073,42,100000.0,9,30,40,BTC-USDT
0.05989537343324555,5.989537343324555,105989.53734332455,0.25270992287014044,0.37585756992887126,18.729007290434957,28.205128205128204,40,100000.0,9,30,52,BTC-USDT
0.08667472328038857,8.667472328038857,108667.47232803886,0.32481703842761056,0.4847883559698608,17.61221015085313,27.027027027027028,38,100000.0,9,30,60,BTC-USDT
-0.0010362214376487828,-0.10362214376487829,99896.37785623512,0.0919968346244835,0.13075607136521647,24.011146041636195,25.71428571428571,36,100000.0,9,35,40,BTC-USDT
0.07773669621078516,7.773669621078517,107773.66962107852,0.2962729930672544,0.4321308283794196,20.57078337699584,26.47058823529412,35,100000.0,9,35,52,BTC-USDT
0.0848962437838639,8.48962437838639,108489.62437838639,0.3144460174873928,0.4587461799900391,20.570783376995802,27.27272727272727,34,100000.0,9,35,60,BTC-USDT
0.07966591160992816,7.966591160992816,107966.59116099282,0.29270401424250847,0.4397564292536238,34.822608160314175,38.18181818181819,56,100000.0,12,20,40,BTC-USDT
0.14744027022576264,14.744027022576264,114744.02702257627,0.44940624357987197,0.6800220726029736,30.891652274743564,40.38461538461539,53,100000.0,12,20,52,BTC-USDT
0.0015228842000408623,0.15228842000408624,100152.28842000409,0.09364409271344261,0.13718464555207124,29.933193006773017,36.0,51,100000.0,12,20,60,BTC-USDT
0.15984242946907035,15.984242946907035,115984.24294690703,0.471953639464449,0.7076623283628982,20.359668797669855,31.818181818181817,45,100000.0,12,26,40,BTC-USDT
0.10701163104719424,10.701163104719424,110701.16310471942,0.3662680062447566,0.544902736958651,20.35966879766988,30.952380952380953,43,100000.0,12,26,52,BTC-USDT
0.14973757744903313,14.973757744903313,114973.75774490331,0.4603254199980329,0.6883008303301902,18.268858255294724,32.5,41,100000.0,12,26,60,BTC-USDT
0.1766514611036799,17.665146110367992,117665.14611036799,0.5194004177538873,0.7763936520113158,21.64749764428599,28.947368421052634,39,100000.0,12,30,40,BTC-USDT
0.13902718272375206,13.902718272375205,113902.7182723752,0.4444308167848198,0.659796618963528,20.260828923200894,27.77777777777778,37,100000.0,12,30,52,BTC-USDT
0.17408011646954402,17.408011646954403,117408.0116469544,0.5294641228808433,0.7881624584370943,19.590496681663065,29.411764705882355,35,100000.0,12,30,60,BTC-USDT
-0.1215090805582756,-12.15090805582756,87849.09194417244,-0.2604705920981962,-0.3630746120643947,27.437481439647133,28.947368421052634,39,100000.0,12,35,40,BTC-USDT
-0.04885630699600355,-4.885630699600355,95114.36930039964,-0.05176853874122303,-0.07367459211444133,25.532485861441423,31.428571428571427,36,100000.0,12,35,52,BTC-USDT
-0.031689407774318536,-3.1689407774318537,96831.05922256815,-0.0029339619003565572,-0.0041794581387338695,25.53248586144143,33.33333333333333,34,100000.0,12,35,60,BTC-USDT
-0.07137303841380767,-7.137303841380767,92862.69615861923,-0.041457494125774735,-0.059389419001623804,42.12499625240326,40.32258064516129,63,100000.0,15,20,40,BTC-USDT
0.08345648005935931,8.345648005935931,108345.64800593593,0.2887207876923506,0.41984280709214716,32.74799415710136,43.333333333333336,61,100000.0,15,20,52,BTC-USDT
0.04195069518298158,4.195069518298157,104195.06951829816,0.20423181730076184,0.29489678684808074,32.55381188428069,43.103448275862064,59,100000.0,15,20,60,BTC-USDT
0.020680763130286797,2.0680763130286794,102068.07631302868,0.1545780272985931,0.22506359848936974,28.532334208839465,38.0,51,100000.0,15,26,40,BTC-USDT
0.05360501838615281,5.3605018386152805,105360.50183861528,0.22894044698371327,0.3344269247836646,25.09225823361096,38.0,51,100000.0,15,26,52,BTC-USDT
0.061533741693351476,6.153374169335148,106153.37416933515,0.24655094960343446,0.36029222934358257,25.098089676631314,38.297872340425535,48,100000.0,15,26,60,BTC-USDT
0.13573929170054994,13.573929170054994,113573.929170055,0.40167756115765096,0.5808615421196948,21.3639681656601,35.55555555555556,46,100000.0,15,30,40,BTC-USDT
0.10729554433542653,10.729554433542653,110729.55443354265,0.3487013624702135,0.5037410348016684,19.39471516411236,35.714285714285715,43,100000.0,15,30,52,BTC-USDT
0.11953710874108772,11.953710874108772,111953.71087410877,0.37655628692208465,0.5440248249927575,18.89523159277763,37.5,41,100000.0,15,30,60,BTC-USDT
0.03855173620395857,3.8551736203958566,103855.17362039586,0.19448419382338236,0.2798590143112884,19.296357583122813,34.21052631578947,39,100000.0,15,35,40,BTC-USDT
0.07523305600626205,7.523305600626205,107523.3056006262,0.2873742494469967,0.41892585584857855,19.517832910223756,36.11111111111111,37,100000.0,15,35,52,BTC-USDT
0.11154712792828549,11.15471279282855,111154.71279282855,0.377683591611809,0.5516461757541286,18.796264523267297,39.39393939393939,34,100000.0,15,35,60,BTC-USDT
-0.24873953115205746,-24.873953115205747,75126.04688479425,-0.5120983520186324,-0.7279079977149512,37.42146079316097,35.41666666666667,48,100000.0,7,20,40,ETH-USDT
-0.275191339988969,-27.5191339988969,72480.8660011031,-0.5979045831709326,-0.8484440967057971,37.56384617828079,35.41666666666667,48,100000.0,7,20,52,ETH-USDT
-0.2740309955517676,-27.40309955517676,72596.90044482324,-0.6212082256680159,-0.8687512301216527,39.2490703729224,34.78260869565217,46,100000.0,7,20,60,ETH-USDT
-0.1674200554047266,-16.74200554047266,83257.99445952734,-0.31559155490517593,-0.45991944646822014,38.49814382039363,28.57142857142857,42,100000.0,7,26,40,ETH-USDT
-0.10070466717940886,-10.070466717940887,89929.53328205911,-0.1335205539563785,-0.1961719833744261,37.07675342237957,28.57142857142857,42,100000.0,7,26,52,ETH-USDT
-0.11063827096183595,-11.063827096183596,88936.1729038164,-0.17580568272559738,-0.2542358463174575,34.57429999635433,27.500000000000004,40,100000.0,7,26,60,ETH-USDT
0.028095523134147808,2.809552313414781,102809.55231341478,0.18112892290496777,0.2690915983796359,33.48233085992122,33.33333333333333,43,100000.0,7,30,40,ETH-USDT
0.03260871216222513,3.2608712162225126,103260.87121622251,0.18670500821444697,0.27461686385759077,33.42792342141846,29.72972972972973,38,100000.0,7,30,52,ETH-USDT
0.0525601884694396,5.2560188469439595,105256.01884694396,0.2261792720045208,0.33576979763211473,32.56200430955452,31.428571428571427,36,100000.0,7,30,60,ETH-USDT
-0.12346945060983708,-12.346945060983709,87653.05493901629,-0.1578354453192313,-0.2305725592183106,34.03517093304173,20.51282051282051,40,100000.0,7,35,40,ETH-USDT
-0.07371983650274821,-7.371983650274822,92628.01634972518,-0.04844484903230674,-0.07045425307857486,31.638805575623575,20.588235294117645,35,100000.0,7,35,52,ETH-USDT
-0.03406755422459086,-3.406755422459086,96593.24457754091,0.03467871156801594,0.05110210740141999,30.749614974936186,21.875,33,100000.0,7,35,60,ETH-USDT
-0.25519274323309743,-25.519274323309745,74480.72567669026,-0.507471173788259,-0.7179745751267008,35.16788579036392,35.41666666666667,48,100000.0,9,20,40,ETH-USDT
-0.1909074317089122,-19.09074317089122,80909.25682910878,-0.3395158014697057,-0.483362609180979,33.73167821105007,37.77777777777778,45,100000.0,9,20,52,ETH-USDT
-0.23651119555254263,-23.65111955525426,76348.88044474574,-0.5014954743237842,-0.7010106228079434,34.60195604477966,35.714285714285715,42,100000.0,9,20,60,ETH-USDT
0.12197315649523414,12.197315649523414,112197.31564952341,0.3546717988441938,0.5482769958713919,30.180900817893185,23.809523809523807,42,100000.0,9,26,40,ETH-USDT
0.27874292286673663,27.874292286673665,127874.29228667366,0.6256895574558421,0.9927887746102416,30.163591127415383,25.64102564102564,39,100000.0,9,26,52,ETH-USDT
0.3242045824940229,32.42045824940229,132420.4582494023,0.6984365112104899,1.1108958850950859,27.680778520609405,27.77777777777778,36,100000.0,9,26,60,ETH-USDT
0.22931705609983707,22.93170560998371,122931.7056099837,0.5173879842669121,0.806021762270036,23.85697799288008,30.76923076923077,40,100000.0,9,30,40,ETH-USDT
0.2133207032657873,21.33207032657873,121332.07032657873,0.5025518427867721,0.77928220426574,25.422693535946017,30.555555555555557,37,100000.0,9,30,52,ETH-USDT
0.2517172781344061,25.171727813440608,125171.72781344061,0.5735382768013787,0.8938354111988338,26.016207251026174,29.411764705882355,35,100000.0,9,30,60,ETH-USDT
0.11914242839373648,11.914242839373648,111914.24283937365,0.3396610779305744,0.5225786214138785,30.62438589268882,26.82926829268293,41,100000.0,9,35,40,ETH-USDT
0.1919389532050348,19.19389532050348,119193.89532050348,0.45444883807030434,0.6955951825188558,29.147913838353016,27.77777777777778,36,100000.0,9,35,52,ETH-USDT
0.21045140761661868,21.04514076166187,121045.14076166187,0.49418481617525023,0.759679376794142,28.226323605992064,26.47058823529412,34,100000.0,9,35,60,ETH-USDT
0.6195587250382626,61.95587250382626,161955.87250382628,0.9361921828448313,1.4859012411680315,35.750698513370715,36.53846153846153,52,100000.0,12,20,40,ETH-USDT
0.7951796226645802,79.51796226645801,179517.96226645802,1.1201396804505261,1.8018344439179836,31.06091292638232,36.734693877551024,49,100000.0,12,20,52,ETH-USDT
0.8763030247186785,87.63030247186785,187630.30247186785,1.2102492889260736,1.9442226046968374,29.550676476767123,38.297872340425535,47,100000.0,12,20,60,ETH-USDT
0.17618482056929352,17.618482056929352,117618.48205692935,0.43597830705509694,0.6590226242759972,31.348981765853896,26.666666666666668,45,100000.0,12,26,40,ETH-USDT
0.38137127012035477,38.13712701203548,138137.12701203546,0.7446798289766497,1.151760325839599,29.814380856700346,29.268292682926827,41,100000.0,12,26,52,ETH-USDT
0.4119332986618171,41.19332986618171,141193.3298661817,0.7948585732319032,1.2401176836273293,28.99003349452027,26.31578947368421,38,100000.0,12,26,60,ETH-USDT
0.2709280747080421,27.09280747080421,127092.80747080421,0.5712389048951911,0.8841599679323471,29.589419239784494,34.21052631578947,39,100000.0,12,30,40,ETH-USDT
0.28229228416145097,28.229228416145098,128229.2284161451,0.6006635996039472,0.933143330512066,30.686876779264328,32.432432432432435,38,100000.0,12,30,52,ETH-USDT
0.34427486047571365,34.427486047571364,134427.48604757135,0.7029881470785471,1.1087727068629316,30.68687677926431,33.33333333333333,34,100000.0,12,30,60,ETH-USDT
0.3586505741089709,35.86505741089709,135865.0574108971,0.6724180718904952,1.0427619906681884,28.51956383402094,27.77777777777778,36,100000.0,12,35,40,ETH-USDT
0.3265541118256732,32.65541118256732,132655.4111825673,0.640980161637574,0.98640449959234,27.65254584629748,24.242424242424242,33,100000.0,12,35,52,ETH-USDT
0.27312482102513985,27.312482102513986,127312.48210251398,0.5765040633403575,0.8897093452867835,26.270672104495112,21.875,32,100000.0,12,35,60,ETH-USDT
0.061797862358111744,6.179786235811174,106179.78623581117,0.2519028405223249,0.38254403675961896,41.80303496780503,33.33333333333333,60,100000.0,15,20,40,ETH-USDT
0.11389363328545558,11.389363328545558,111389.36332854556,0.3279889971586244,0.5011710178569064,36.90431629244812,33.33333333333333,54,100000.0,15,20,52,ETH-USDT
0.2396606974336147,23.96606974336147,123966.06974336147,0.5017417291930671,0.7711588316755248,36.90431629244808,35.294117647058826,51,100000.0,15,20,60,ETH-USDT
0.06875570481036848,6.875570481036848,106875.57048103685,0.25850040063641994,0.3955462262813468,31.697837533975047,29.545454545454547,44,100000.0,15,26,40,ETH-USDT
0.005965568501707312,0.5965568501707312,100596.55685017073,0.14494704650500334,0.21407273184842496,30.11209991116989,30.76923076923077,39,100000.0,15,26,52,ETH-USDT
0.0479939642107542,4.79939642107542,104799.39642107542,0.2208526227043915,0.3284308119314863,30.11209991116989,31.57894736842105,38,100000.0,15,26,60,ETH-USDT
-0.01730824141068253,-1.7308241410682532,98269.17585893175,0.10930362854077637,0.16296820625934832,34.087533126359034,30.0,41,100000.0,15,30,40,ETH-USDT
0.10064544968852569,10.06454496885257,110064.54496885257,0.311640628052521,0.4694400580061438,30.78301917968398,29.72972972972973,38,100000.0,15,30,52,ETH-USDT
0.17917329362895004,17.917329362895003,117917.329362895,0.44211530114128234,0.6772172518536365,27.89119191363298,32.35294117647059,35,100000.0,15,30,60,ETH-USDT
0.06797179072318642,6.797179072318642,106797.17907231864,0.2571941129620138,0.38540849925753823,32.77993958002935,23.52941176470588,34,100000.0,15,35,40,ETH-USDT
0.08178037094843021,8.178037094843022,108178.03709484302,0.2802461003591212,0.4155808027395196,27.933163623600578,21.875,32,100000.0,15,35,52,ETH-USDT
0.09014917175850874,9.014917175850874,109014.91717585087,0.2956252080719575,0.4399648789184597,26.556649826283774,23.333333333333332,30,100000.0,15,35,60,ETH-USDT
-0.19226859002187077,-19.226859002187076,80773.14099781292,-0.21573853629785547,-0.3119257801852341,49.89594372437291,27.27272727272727,55,100000.0,7,20,40,SOL-USDT
-0.09329460712074288,-9.329460712074287,90670.53928792571,-0.021062301902003127,-0.03063238616077655,43.75652912709316,29.411764705882355,51,100000.0,7,20,52,SOL-USDT
-0.10817141588439044,-10.817141588439044,89182.85841156096,-0.057638191901271535,-0.08382479688524375,41.75871948721901,28.000000000000004,50,100000.0,7,20,60,SOL-USDT
-0.11488069049052865,-11.488069049052866,88511.93095094713,-0.04287636242854526,-0.06146200917841592,40.83272926701997,25.0,48,100000.0,7,26,40,SOL-USDT
-0.005640238670216786,-0.5640238670216786,99435.97613297832,0.14205540719535287,0.20609710439800819,38.22004418128475,26.666666666666668,45,100000.0,7,26,52,SOL-USDT
0.013922288333589822,1.3922288333589823,101392.22883335898,0.17408466577120216,0.25280835127897255,37.00461682692226,27.27272727272727,44,100000.0,7,26,60,SOL-USDT
-0.05462483487843172,-5.462483487843172,94537.51651215683,0.051911148859439836,0.075422486451451,42.363496212745005,28.888888888888886,45,100000.0,7,30,40,SOL-USDT
0.08654443029843867,8.654443029843867,108654.44302984387,0.28787932477517547,0.4244087851661674,36.55578962081158,35.0,40,100000.0,7,30,52,SOL-USDT
0.12133509883069404,12.133509883069404,112133.5098830694,0.3446360906986396,0.5117535777710978,37.236081209744945,33.33333333333333,39,100000.0,7,30,60,SOL-USDT
-0.03180774673510808,-3.1807746735108084,96819.22532648919,0.09746088852226736,0.14085662745041033,34.328700624017785,28.205128205128204,39,100000.0,7,35,40,SOL-USDT
0.016772866723731714,1.6772866723731714,101677.28667237317,0.17372896709121452,0.24994944458131427,31.544176330178264,29.72972972972973,37,100000.0,7,35,52,SOL-USDT
0.07605956622684214,7.6059566226842135,107605.95662268421,0.2708696026116856,0.39428647223589053,31.544176330178274,31.428571428571427,35,100000.0,7,35,60,SOL-USDT
-0.13684961417015742,-13.684961417015742,86315.03858298426,-0.09797988848543651,-0.14201224343802357,42.786025373704675,32.0,50,100000.0,9,20,40,SOL-USDT
-0.04803486223218919,-4.803486223218919,95196.51377678108,0.06308374309211034,0.09248669261139722,41.19945607612961,33.33333333333333,48,100000.0,9,20,52,SOL-USDT
-0.07456802882004937,-7.456802882004937,92543.19711799506,0.009330254987773361,0.013655599949465967,39.687376182461804,32.608695652173914,46,100000.0,9,20,60,SOL-USDT
0.1325755793671064,13.25755793671064,113257.55793671064,0.35794242694602346,0.5294921782753379,32.726969000118785,32.55813953488372,43,100000.0,9,26,40,SOL-USDT
0.19232880448052253,19.232880448052253,119232.88044805225,0.44606295995362916,0.6622469503605201,30.47272827557339,34.146341463414636,41,100000.0,9,26,52,SOL-USDT
0.20278383925575544,20.278383925575543,120278.38392557554,0.46109900224839967,0.6853923534334444,31.780483534608063,35.0,40,100000.0,9,26,60,SOL-USDT
0.19707394971812697,19.707394971812697,119707.3949718127,0.4409114232301683,0.6501417250805657,34.11619764816061,34.04255319148936,47,100000.0,9,30,40,SOL-USDT
0.3217883259145283,32.178832591452824,132178.8325914528,0.6008218926490796,0.8964789797643401,31.232533382848803,38.095238095238095,42,100000.0,9,30,52,SOL-USDT
0.3806768957624379,38.067689576243794,138067.6895762438,0.681560920861741,1.0233726962799705,33.02615997410568,38.46153846153847,39,100000.0,9,30,60,SOL-USDT
0.14608674579329892,14.608674579329891,114608.67457932989,0.3721183782903812,0.5397079235793734,25.541936523106934,32.432432432432435,37,100000.0,9,35,40,SOL-USDT
0.16833182202785973,16.833182202785974,116833.18220278597,0.404607847611338,0.5841103992372931,28.073412974340055,35.294117647058826,34,100000.0,9,35,52,SOL-USDT
0.2150418020799545,21.50418020799545,121504.18020799545,0.47374288206913007,0.6904662706182565,28.073412974340005,34.375,32,100000.0,9,35,60,SOL-USDT
0.2815373275991679,28.15373275991679,128153.73275991679,0.5443154826198129,0.8053394072558309,43.625494034616985,36.206896551724135,58,100000.0,12,20,40,SOL-USDT
0.1683297021110129,16.83297021110129,116832.97021110129,0.40764594941141846,0.6019047142647042,46.91869474761101,32.72727272727273,55,100000.0,12,20,52,SOL-USDT
0.08122088857007927,8.122088857007927,108122.08885700793,0.2795771346064769,0.4090864876726106,45.174873825944864,31.372549019607842,51,100000.0,12,20,60,SOL-USDT
0.22344711627162803,22.344711627162802,122344.7116271628,0.4818937021183911,0.6985351511634655,36.610737021178224,33.33333333333333,45,100000.0,12,26,40,SOL-USDT
0.348717062896704,34.8717062896704,134871.7062896704,0.6546028378781013,0.9572992360192318,35.46704437622181,36.58536585365854,41,100000.0,12,26,52,SOL-USDT
0.2660469960876902,26.60469960876902,126604.69960876902,0.5463442527310778,0.7955052494099654,39.42261363501264,36.58536585365854,41,100000.0,12,26,60,SOL-USDT
0.09909047857661761,9.909047857661761,109909.04785766176,0.3071196421817964,0.44806784353776924,32.863460004480324,32.55813953488372,43,100000.0,12,30,40,SOL-USDT
0.1300205063168006,13.00205063168006,113002.05063168006,0.35307748107097436,0.5188141446690343,30.809251666874747,32.5,40,100000.0,12,30,52,SOL-USDT
0.14517973647259627,14.517973647259627,114517.97364725963,0.37684699888944956,0.55919466852236,31.2957006085653,35.13513513513514,37,100000.0,12,30,60,SOL-USDT
0.26784367451269997,26.784367451269997,126784.36745127,0.530560610168977,0.7685973201159322,23.610720686025736,33.33333333333333,36,100000.0,12,35,40,SOL-USDT
0.3422837537097333,34.22837537097333,134228.3753709733,0.6220048012835856,0.9075206607902753,24.24107925754128,36.36363636363637,33,100000.0,12,35,52,SOL-USDT
0.3684827695580116,36.84827695580116,136848.27695580118,0.6605811618842975,0.9736841878797078,23.61072068602576,35.483870967741936,31,100000.0,12,35,60,SOL-USDT
-0.23510883309709185,-23.510883309709186,76489.11669029082,-0.20554179009551146,-0.29139996468780316,54.50972187467749,37.704918032786885,61,100000.0,15,20,40,SOL-USDT
-0.3420346947043423,-34.20346947043423,65796.53052956577,-0.4462115938687266,-0.6252680903141443,58.195277100264384,32.25806451612903,62,100000.0,15,20,52,SOL-USDT
-0.2315295350463262,-23.15295350463262,76847.04649536738,-0.25286487223581483,-0.35887918653625245,56.55917807833634,31.666666666666664,60,100000.0,15,20,60,SOL-USDT
0.06867737878397427,6.867737878397427,106867.73787839743,0.27140323790953114,0.39111652218025245,33.17005579853565,36.53846153846153,52,100000.0,15,26,40,SOL-USDT
0.0423699569654619,4.23699569654619,104236.99569654619,0.2328288391103143,0.33367901539567635,40.0907507390975,34.69387755102041,49,100000.0,15,26,52,SOL-USDT
0.19179880341051117,19.179880341051117,119179.88034105112,0.43228276885038747,0.6317266489611502,41.71469994492074,36.95652173913043,46,100000.0,15,26,60,SOL-USDT
-0.1728312447481048,-17.283124474810478,82716.87552518952,-0.11575816894345371,-0.16322669072026466,45.75853691677778,30.612244897959183,49,100000.0,15,30,40,SOL-USDT
-0.036539919784856614,-3.6539919784856614,96346.00802151434,0.09492609392039425,0.13582378976617887,33.35002744503849,31.818181818181817,44,100000.0,15,30,52,SOL-USDT
-0.008082001425840717,-0.8082001425840717,99191.79985741593,0.14033840872170536,0.2022066882347416,34.270749704360036,33.33333333333333,42,100000.0,15,30,60,SOL-USDT
0.21841782280684696,21.841782280684697,121841.7822806847,0.46368237420729996,0.6677438734249239,29.876915448271752,32.432432432432435,37,100000.0,15,35,40,SOL-USDT
0.2829912473744081,28.299124737440813,128299.12473744081,0.5427875378410397,0.7862318047494485,30.02089857313725,34.285714285714285,35,100000.0,15,35,52,SOL-USDT
0.2961085563268943,29.610855632689432,129610.85563268943,0.5604528493347666,0.8135187635233398,29.78827698171711,32.35294117647059,34,100000.0,15,35,60,SOL-USDT
-0.3752146595404322,-37.52146595404322,62478.53404595678,-0.5691222475763854,-0.8144552330429766,53.289881770556036,19.565217391304348,46,100000.0,7,20,40,DOGE-USDT
-0.22837004748660794,-22.837004748660796,77162.9952513392,-0.27007407584752857,-0.3922745696599446,41.83249614191103,21.052631578947366,38,100000.0,7,20,52,DOGE-USDT
-0.2635128874696215,-26.351288746962148,73648.71125303785,-0.3642078902292735,-0.5319081086898384,45.404108302748135,22.857142857142858,35,100000.0,7,20,60,DOGE-USDT
-0.18463289089271798,-18.463289089271797,81536.7109107282,-0.1755023340980957,-0.257930738699583,38.98805745534211,20.51282051282051,39,100000.0,7,26,40,DOGE-USDT
-0.009304795742027345,-0.9304795742027345,99069.52042579727,0.14475371010104976,0.21444364740050895,36.989221483888166,25.0,36,100000.0,7,26,52,DOGE-USDT
-0.19005519689772452,-19.005519689772452,80994.48031022755,-0.19115945803973536,-0.28173401197208237,42.83863090453414,22.857142857142858,35,100000.0,7,26,60,DOGE-USDT
1.801400489379933,180.1400489379933,280140.0489379933,1.3709035181925195,2.3740373673617667,32.170318662172235,25.71428571428571,35,100000.0,7,30,40,DOGE-USDT
1.5437753221502144,154.37753221502143,254377.53221502143,1.2640697043725952,2.1839281272670563,44.43664566432699,29.03225806451613,31,100000.0,7,30,52,DOGE-USDT
1.9848142450209219,198.48142450209218,298481.4245020922,1.4295268192176303,2.480786221068798,36.165834745911745,33.33333333333333,30,100000.0,7,30,60,DOGE-USDT
2.366336901386701,236.6336901386701,336633.6901386701,1.5451180727591778,2.6790251514737333,37.44278876460147,35.483870967741936,31,100000.0,7,35,40,DOGE-USDT
1.8641779367933964,186.41779367933964,286417.79367933964,1.3883852567457378,2.4210919172487033,42.53994980670177,34.48275862068966,29,100000.0,7,35,52,DOGE-USDT
2.271494432011913,227.1494432011913,327149.4432011913,1.5386209381065252,2.7037006533260173,32.730638510743795,37.03703703703704,27,100000.0,7,35,60,DOGE-USDT
0.019309559324917208,1.9309559324917207,101930.95593249172,0.20103463943736735,0.3009772108762131,41.78779094629539,23.91304347826087,46,100000.0,9,20,40,DOGE-USDT
-0.03608533455536919,-3.6085334555369193,96391.46654446308,0.10847265320643369,0.16239753077740954,41.09317452458444,21.428571428571427,42,100000.0,9,20,52,DOGE-USDT
-0.13950434186902655,-13.950434186902655,86049.56581309735,-0.08299718969603441,-0.12444158705327638,48.78642761680565,23.076923076923077,39,100000.0,9,20,60,DOGE-USDT
3.221116675655536,322.1116675655536,422111.66756555357,1.747778848150983,3.0184306051377576,34.28075014085795,36.84210526315789,38,100000.0,9,26,40,DOGE-USDT
2.4021064383752284,240.21064383752284,340210.64383752283,1.5363488064031008,2.628892443314164,34.795642207853554,36.11111111111111,36,100000.0,9,26,52,DOGE-USDT
1.5821879950055906,158.21879950055907,258218.79950055905,1.2716368736804344,2.194994547160013,43.326064421020725,33.33333333333333,33,100000.0,9,26,60,DOGE-USDT
2.1241607938841094,212.41607938841094,312416.07938841096,1.4581176820354962,2.5217700917323107,38.45355900408058,32.35294117647059,34,100000.0,9,30,40,DOGE-USDT
2.217307823592619,221.7307823592619,321730.7823592619,1.4625199310430428,2.4955016044655203,41.99648611018137,36.36363636363637,33,100000.0,9,30,52,DOGE-USDT
2.4075942718733403,240.75942718733404,340759.42718733405,1.5281696343485303,2.6307795829585903,36.23260073634528,37.5,32,100000.0,9,30,60,DOGE-USDT
1.9986437212068435,199.86437212068435,299864.37212068436,1.4337742898993098,2.499547121644898,37.78574233169202,36.666666666666664,30,100000.0,9,35,40,DOGE-USDT
1.8710773324216792,187.1077332421679,287107.7332421679,1.3832852039018564,2.4025416320419413,40.73931749808134,36.666666666666664,30,100000.0,9,35,52,DOGE-USDT
2.2997566407145444,229.97566407145445,329975.66407145443,1.5224611474216552,2.6537231957267498,31.891130757511,40.0,30,100000.0,9,35,60,DOGE-USDT
0.8004939156185548,80.04939156185547,180049.39156185547,0.8438877695326028,1.4036696082197146,51.45202638692563,32.142857142857146,56,100000.0,12,20,40,DOGE-USDT
0.9455434435100833,94.55434435100834,194554.34435100833,0.9318186537422716,1.5600769861548809,50.000698891102914,32.6530612244898,49,100000.0,12,20,52,DOGE-USDT
1.0013688304375363,100.13688304375363,200136.88304375362,0.9638841224882426,1.6176374102678122,47.79085984446497,32.6530612244898,49,100000.0,12,20,60,DOGE-USDT
1.5181478178090817,151.81478178090816,251814.78178090818,1.2047121817326558,2.0266911146699402,41.2045727483985,34.883720930232556,43,100000.0,12,26,40,DOGE-USDT
1.527988555851545,152.79885558515448,252798.8555851545,1.2045494767920035,2.0191214670234237,40.14946329536755,36.58536585365854,41,100000.0,12,26,52,DOGE-USDT
1.12095477779693,112.095477779693,212095.477779693,1.0272453609897347,1.7272291600288021,44.25949901620781,36.58536585365854,41,100000.0,12,26,60,DOGE-USDT
1.5007754558986903,150.07754558986903,250077.54558986903,1.2000883793357249,2.0432438313662704,44.29964145538458,38.23529411764706,34,100000.0,12,30,40,DOGE-USDT
1.4465784112735685,144.65784112735685,244657.84112735683,1.1723615835002557,1.9871891237233739,44.29964145538454,38.23529411764706,34,100000.0,12,30,52,DOGE-USDT
1.6090005367976516,160.90005367976516,260900.05367976517,1.2407795982420855,2.10709406732992,44.299641455384595,40.625,32,100000.0,12,30,60,DOGE-USDT
1.138476298808571,113.8476298808571,213847.6298808571,1.0416693591032065,1.760567124630893,36.061645074647195,30.303030303030305,33,100000.0,12,35,40,DOGE-USDT
1.1498641333830206,114.98641333830206,214986.41333830205,1.047899401681374,1.772350258972974,37.582299311431804,32.25806451612903,31,100000.0,12,35,52,DOGE-USDT
1.3456966653613578,134.56966653613577,234569.66653613577,1.1571007176430932,1.9811337445089987,34.747014453820874,32.142857142857146,28,100000.0,12,35,60,DOGE-USDT
0.5626200578214665,56.26200578214665,156262.00578214665,0.7074507447460603,1.0789620072711545,38.322227146233715,29.09090909090909,55,100000.0,15,20,40,DOGE-USDT
0.6924971145063493,69.24971145063493,169249.71145063493,0.792737779148434,1.2135634882309663,36.93407743089819,30.18867924528302,53,100000.0,15,20,52,DOGE-USDT
0.656746984058331,65.6746984058331,165674.6984058331,0.7734819894323168,1.182048059826445,36.05831303555623,31.372549019607842,51,100000.0,15,20,60,DOGE-USDT
0.861388170340814,86.1388170340814,186138.8170340814,0.8943483598002381,1.3751619239311446,30.069189921638,26.666666666666668,45,100000.0,15,26,40,DOGE-USDT
1.0350569056373562,103.50569056373561,203505.6905637356,0.985990800490613,1.5216591964318482,28.308880115145524,28.57142857142857,42,100000.0,15,26,52,DOGE-USDT
0.8889991054345682,88.89991054345681,188899.91054345682,0.9169702475559001,1.4217559726461286,32.798501357074976,30.76923076923077,39,100000.0,15,26,60,DOGE-USDT
0.8613586046613287,86.13586046613287,186135.86046613287,0.9226089104306493,1.4296090898602014,31.644818196672198,34.375,32,100000.0,15,30,40,DOGE-USDT
0.8908191435388484,89.08191435388484,189081.91435388484,0.9391616971821463,1.4543364392963831,31.271977501341443,36.666666666666664,30,100000.0,15,30,52,DOGE-USDT
0.9455888051251234,94.55888051251235,194558.88051251235,0.9698350371724368,1.5022435404307921,31.271977501341464,37.93103448275862,29,100000.0,15,30,60,DOGE-USDT
1.2135238104293886,121.35238104293886,221352.38104293885,1.083318516624821,1.6606700080560632,31.297684071503372,38.70967741935484,31,100000.0,15,35,40,DOGE-USDT
0.8728833039045653,87.28833039045652,187288.33039045654,0.9135160982627679,1.4003411485458503,30.693162838733766,39.285714285714285,28,100000.0,15,35,52,DOGE-USDT
0.990363332661649,99.0363332661649,199036.3332661649,0.9924576239642893,1.5304326854772876,30.814854636311978,40.0,25,100000.0,15,35,60,DOGE-USDT
0.6486290954015338,64.86290954015338,164862.9095401534,0.8554823860325154,1.441959255933498,36.72905263823228,19.565217391304348,46,100000.0,7,20,40,XRP-USDT
0.6548841253149419,65.48841253149419,165488.4125314942,0.8603268602929358,1.45483018427479,36.72905263823226,18.181818181818183,44,100000.0,7,20,52,XRP-USDT
0.8155482251365724,81.55482251365724,181554.82251365724,0.9801005216613456,1.6666661610907338,32.026090536326265,20.930232558139537,43,100000.0,7,20,60,XRP-USDT
0.37619398007521637,37.61939800752164,137619.39800752164,0.6115596203965189,0.9928216720598044,43.63807644196042,21.428571428571427,42,100000.0,7,26,40,XRP-USDT
0.579547532976019,57.954753297601904,157954.75329760188,0.7930691670374675,1.2959309640949999,39.489019742402625,25.64102564102564,39,100000.0,7,26,52,XRP-USDT
0.48934131657082314,48.93413165708231,148934.1316570823,0.7199281325544449,1.1738714878926149,43.638076441960436,23.684210526315788,38,100000.0,7,26,60,XRP-USDT
0.4744627103843831,47.44627103843831,147446.2710384383,0.7000119458278239,1.1277316562495872,39.610761058574255,25.0,36,100000.0,7,30,40,XRP-USDT
0.6049402017478035,60.49402017478035,160494.02017478034,0.8070056274214338,1.2996840970370482,37.467637026465,28.57142857142857,35,100000.0,7,30,52,XRP-USDT
0.5494830210171203,54.94830210171203,154948.30210171203,0.7786181496737609,1.2629339252467473,39.610761058574255,25.0,32,100000.0,7,30,60,XRP-USDT
0.23447898015092636,23.447898015092637,123447.89801509264,0.4782734730784786,0.758117313813269,42.8839266532379,17.073170731707318,41,100000.0,7,35,40,XRP-USDT
0.39375296483569694,39.37529648356969,139375.2964835697,0.6694986700048119,1.07272837838756,42.883926653237964,21.62162162162162,37,100000.0,7,35,52,XRP-USDT
0.4302788017967112,43.027880179671115,143027.8801796711,0.7094772888355221,1.138208341672927,42.883926653237964,22.22222222222222,36,100000.0,7,35,60,XRP-USDT
1.6969960344451192,169.69960344451192,269699.6034445119,1.352250354634491,2.303188566866591,44.25112210915767,28.57142857142857,49,100000.0,9,20,40,XRP-USDT
1.7253258418092978,172.53258418092977,272532.5841809298,1.3688770167322215,2.333596969539078,44.686943505127736,31.11111111111111,45,100000.0,9,20,52,XRP-USDT
2.091480095649243,209.1480095649243,309148.0095649243,1.5010878392162061,2.5760829373275764,37.24281188928572,33.33333333333333,45,100000.0,9,20,60,XRP-USDT
0.4430919165111573,44.30919165111573,144309.19165111572,0.6750699270563291,1.0966007843471912,47.738417339726155,22.22222222222222,36,100000.0,9,26,40,XRP-USDT
0.6039827645245127,60.39827645245127,160398.27645245127,0.8192653150603313,1.338576892800233,43.81482647866232,26.47058823529412,34,100000.0,9,26,52,XRP-USDT
0.50427809276189,50.427809276188995,150427.80927618901,0.7374325955080363,1.2019235393154266,47.667275565128016,25.0,32,100000.0,9,26,60,XRP-USDT
0.2889828847131267,28.89828847131267,128898.28847131267,0.5190760226127594,0.8255796849864034,50.26191471830638,23.809523809523807,42,100000.0,9,30,40,XRP-USDT
0.49960753762189547,49.96075376218955,149960.75376218953,0.716520275648456,1.1458403745547379,45.215996558012996,28.205128205128204,39,100000.0,9,30,52,XRP-USDT
0.4066900342092312,40.66900342092312,140669.00342092314,0.6376849958084292,1.0202237820683209,48.21547535079353,24.324324324324326,37,100000.0,9,30,60,XRP-USDT
0.3360342867969451,33.60342867969451,133603.4286796945,0.5984611617264616,0.9575457703357604,43.28162775452837,25.71428571428571,35,100000.0,9,35,40,XRP-USDT
0.4701591098176237,47.015910981762374,147015.91098176237,0.7411979865114766,1.1929902084390658,43.28162775452838,31.25,32,100000.0,9,35,52,XRP-USDT
0.5477702616769045,54.777026167690444,154777.02616769046,0.8222661165152821,1.3301277210826405,40.46358874581387,32.25806451612903,31,100000.0,9,35,60,XRP-USDT
1.1542301200724172,115.42301200724172,215423.01200724172,1.0829690515105732,1.7809867487171438,39.12499827776816,28.07017543859649,57,100000.0,12,20,40,XRP-USDT
1.3711730612392057,137.11730612392057,237117.30612392057,1.1923998494500045,1.9644265230855424,37.489872823586374,31.48148148148148,54,100000.0,12,20,52,XRP-USDT
1.5164586758745284,151.64586758745284,251645.86758745284,1.2572310305595182,2.081378860879448,37.524243855098135,30.909090909090907,55,100000.0,12,20,60,XRP-USDT
0.4032853220729747,40.32853220729747,140328.53220729745,0.6382901753736161,1.0398161697308135,45.845944054026695,26.47058823529412,34,100000.0,12,26,40,XRP-USDT
0.4676522567534822,46.76522567534822,146765.22567534822,0.7012329233164798,1.1448752379207452,43.36196554521577,29.411764705882355,34,100000.0,12,26,52,XRP-USDT
0.4736792282129668,47.36792282129668,147367.92282129667,0.7073998035341217,1.1558265335071405,43.361965545215725,30.303030303030305,33,100000.0,12,26,60,XRP-USDT
0.3139877514520238,31.39877514520238,131398.77514520238,0.5444390075022032,0.8660466765556626,48.40733931774437,32.35294117647059,34,100000.0,12,30,40,XRP-USDT
0.3497716424508122,34.97716424508122,134977.16424508122,0.5822791074039155,0.9268137745868459,47.267483031447036,34.375,32,100000.0,12,30,52,XRP-USDT
0.4315446462339016,43.15446462339016,143154.46462339017,0.6588044772732505,1.0502901441884978,45.66223514969989,35.483870967741936,31,100000.0,12,30,60,XRP-USDT
0.04661010988294249,4.661010988294248,104661.01098829425,0.23413410354345152,0.3568614517325374,46.562298866799104,30.0,30,100000.0,12,35,40,XRP-USDT
0.0861865481133906,8.618654811339061,108618.65481133906,0.28973564920228545,0.4409986306303856,46.562298866799104,33.33333333333333,30,100000.0,12,35,52,XRP-USDT
0.20177525031995786,20.177525031995785,120177.52503199578,0.43960895265376343,0.6755244327868507,43.907259232064014,35.714285714285715,28,100000.0,12,35,60,XRP-USDT
1.1699836832492505,116.99836832492505,216998.36832492505,1.0515859858694037,1.6716430084199536,47.5868118717085,29.508196721311474,61,100000.0,15,20,40,XRP-USDT
1.1305496022528108,113.05496022528108,213054.96022528107,1.037814094588863,1.6507352774753823,49.342559975432955,30.508474576271187,59,100000.0,15,20,52,XRP-USDT
1.2615604093091013,126.15604093091012,226156.04093091012,1.1063715634810787,1.7630079467870265,46.62501037833987,30.357142857142854,56,100000.0,15,20,60,XRP-USDT
1.577876874330974,157.7876874330974,257787.6874330974,1.244809206386863,2.0022820612305616,55.73056188221209,32.608695652173914,46,100000.0,15,26,40,XRP-USDT
1.8009564464344037,180.09564464344038,280095.6446434404,1.344152639027399,2.1748370430553545,53.736880130852214,34.883720930232556,43,100000.0,15,26,52,XRP-USDT
1.8804494874194984,188.04494874194984,288044.94874194986,1.3762001663356365,2.2283903864999854,53.91570656197205,32.55813953488372,43,100000.0,15,26,60,XRP-USDT
1.4135042161405642,141.35042161405642,241350.42161405642,1.1917745853040338,1.9232126627963504,57.13145764266535,35.0,40,100000.0,15,30,40,XRP-USDT
1.516691709963983,151.6691709963983,251669.1709963983,1.2445043068635473,2.0139068234786013,56.184346622527215,37.83783783783784,37,100000.0,15,30,52,XRP-USDT
1.739602439633272,173.9602439633272,273960.2439633272,1.3407978769072815,2.176701775538064,54.850539916249566,38.88888888888889,36,100000.0,15,30,60,XRP-USDT
2.028047045260287,202.8047045260287,302804.7045260287,1.4450049018213245,2.3459288135794023,53.90523297501163,40.625,32,100000.0,15,35,40,XRP-USDT
2.2217474882206645,222.17474882206645,322174.74882206647,1.5163162665960062,2.4657993132033047,53.90523297501163,43.333333333333336,30,100000.0,15,35,52,XRP-USDT
2.36101042127087,236.101042127087,336101.042127087,1.5696827331437122,2.560305865294682,51.61502529747386,42.857142857142854,28,100000.0,15,35,60,XRP-USDT
